ThreadsPerBlock,Time(s),Size,Steps,OutputFile
4,0.005259,100,100,cuda_results/block_2x2/size_100/heat_block_2x2_100_100.bmp
4,0.016198,100,1000,cuda_results/block_2x2/size_100/heat_block_2x2_100_1000.bmp
4,0.127033,100,10000,cuda_results/block_2x2/size_100/heat_block_2x2_100_10000.bmp
4,1.188867,100,100000,cuda_results/block_2x2/size_100/heat_block_2x2_100_100000.bmp
4,0.092147,1000,100,cuda_results/block_2x2/size_1000/heat_block_2x2_1000_100.bmp
4,0.867682,1000,1000,cuda_results/block_2x2/size_1000/heat_block_2x2_1000_1000.bmp
4,8.687619,1000,10000,cuda_results/block_2x2/size_1000/heat_block_2x2_1000_10000.bmp
4,87.567906,1000,100000,cuda_results/block_2x2/size_1000/heat_block_2x2_1000_100000.bmp
4,0.350258,2000,100,cuda_results/block_2x2/size_2000/heat_block_2x2_2000_100.bmp
4,3.445098,2000,1000,cuda_results/block_2x2/size_2000/heat_block_2x2_2000_1000.bmp
4,34.513164,2000,10000,cuda_results/block_2x2/size_2000/heat_block_2x2_2000_10000.bmp
4,346.811531,2000,100000,cuda_results/block_2x2/size_2000/heat_block_2x2_2000_100000.bmp
16,0.004780,100,100,cuda_results/block_4x4/size_100/heat_block_4x4_100_100.bmp
16,0.010113,100,1000,cuda_results/block_4x4/size_100/heat_block_4x4_100_1000.bmp
16,0.065779,100,10000,cuda_results/block_4x4/size_100/heat_block_4x4_100_10000.bmp
16,0.569174,100,100000,cuda_results/block_4x4/size_100/heat_block_4x4_100_100000.bmp
16,0.022656,1000,100,cuda_results/block_4x4/size_1000/heat_block_4x4_1000_100.bmp
16,0.235929,1000,1000,cuda_results/block_4x4/size_1000/heat_block_4x4_1000_1000.bmp
16,2.353688,1000,10000,cuda_results/block_4x4/size_1000/heat_block_4x4_1000_10000.bmp
16,23.442795,1000,100000,cuda_results/block_4x4/size_1000/heat_block_4x4_1000_100000.bmp
16,0.096624,2000,100,cuda_results/block_4x4/size_2000/heat_block_4x4_2000_100.bmp
16,0.913851,2000,1000,cuda_results/block_4x4/size_2000/heat_block_4x4_2000_1000.bmp
16,9.214103,2000,10000,cuda_results/block_4x4/size_2000/heat_block_4x4_2000_10000.bmp
16,92.190305,2000,100000,cuda_results/block_4x4/size_2000/heat_block_4x4_2000_100000.bmp
64,0.002948,100,100,cuda_results/block_8x8/size_100/heat_block_8x8_100_100.bmp
64,0.007427,100,1000,cuda_results/block_8x8/size_100/heat_block_8x8_100_1000.bmp
64,0.053799,100,10000,cuda_results/block_8x8/size_100/heat_block_8x8_100_10000.bmp
64,0.477461,100,100000,cuda_results/block_8x8/size_100/heat_block_8x8_100_100000.bmp
64,0.014760,1000,100,cuda_results/block_8x8/size_1000/heat_block_8x8_1000_100.bmp
64,0.124936,1000,1000,cuda_results/block_8x8/size_1000/heat_block_8x8_1000_1000.bmp
64,1.209249,1000,10000,cuda_results/block_8x8/size_1000/heat_block_8x8_1000_10000.bmp
64,12.051196,1000,100000,cuda_results/block_8x8/size_1000/heat_block_8x8_1000_100000.bmp
64,0.051426,2000,100,cuda_results/block_8x8/size_2000/heat_block_8x8_2000_100.bmp
64,0.473167,2000,1000,cuda_results/block_8x8/size_2000/heat_block_8x8_2000_1000.bmp
64,4.673150,2000,10000,cuda_results/block_8x8/size_2000/heat_block_8x8_2000_10000.bmp
64,46.450516,2000,100000,cuda_results/block_8x8/size_2000/heat_block_8x8_2000_100000.bmp
256,0.002939,100,100,cuda_results/block_16x16/size_100/heat_block_16x16_100_100.bmp
256,0.007919,100,1000,cuda_results/block_16x16/size_100/heat_block_16x16_100_1000.bmp
256,0.058524,100,10000,cuda_results/block_16x16/size_100/heat_block_16x16_100_10000.bmp
256,0.510315,100,100000,cuda_results/block_16x16/size_100/heat_block_16x16_100_100000.bmp
256,0.015116,1000,100,cuda_results/block_16x16/size_1000/heat_block_16x16_1000_100.bmp
256,0.126375,1000,1000,cuda_results/block_16x16/size_1000/heat_block_16x16_1000_1000.bmp
256,1.352356,1000,10000,cuda_results/block_16x16/size_1000/heat_block_16x16_1000_10000.bmp
256,12.602815,1000,100000,cuda_results/block_16x16/size_1000/heat_block_16x16_1000_100000.bmp
256,0.050885,2000,100,cuda_results/block_16x16/size_2000/heat_block_16x16_2000_100.bmp
256,0.483016,2000,1000,cuda_results/block_16x16/size_2000/heat_block_16x16_2000_1000.bmp
256,4.781235,2000,10000,cuda_results/block_16x16/size_2000/heat_block_16x16_2000_10000.bmp
256,47.530785,2000,100000,cuda_results/block_16x16/size_2000/heat_block_16x16_2000_100000.bmp
1024,0.003098,100,100,cuda_results/block_32x32/size_100/heat_block_32x32_100_100.bmp
1024,0.012182,100,1000,cuda_results/block_32x32/size_100/heat_block_32x32_100_1000.bmp
1024,0.092188,100,10000,cuda_results/block_32x32/size_100/heat_block_32x32_100_10000.bmp
1024,0.838994,100,100000,cuda_results/block_32x32/size_100/heat_block_32x32_100_100000.bmp
1024,0.015626,1000,100,cuda_results/block_32x32/size_1000/heat_block_32x32_1000_100.bmp
1024,0.158922,1000,1000,cuda_results/block_32x32/size_1000/heat_block_32x32_1000_1000.bmp
1024,1.556841,1000,10000,cuda_results/block_32x32/size_1000/heat_block_32x32_1000_10000.bmp
1024,15.609920,1000,100000,cuda_results/block_32x32/size_1000/heat_block_32x32_1000_100000.bmp
1024,0.062313,2000,100,cuda_results/block_32x32/size_2000/heat_block_32x32_2000_100.bmp
1024,0.582821,2000,1000,cuda_results/block_32x32/size_2000/heat_block_32x32_2000_1000.bmp
1024,5.893878,2000,10000,cuda_results/block_32x32/size_2000/heat_block_32x32_2000_10000.bmp
1024,59.052426,2000,100000,cuda_results/block_32x32/size_2000/heat_block_32x32_2000_100000.bmp
